PERIOD,SystemCostPerPeriod_NPV,SystemCostPerPeriod_Real,EnergyCostReal_per_MWh,SystemDemand_MWh
2023,5308545166.999467,5494344247.8444605,69.06802668478922,79549749.8852747
2024,5319356657.474918,5698227835.403582,69.41359811943941,82090944.56677908
