PERIOD,SystemCostPerPeriod_NPV,SystemCostPerPeriod_Real,EnergyCostReal_per_MWh,SystemDemand_MWh
2023,5407837541.533832,5597111855.487528,70.35989427757406,79549747.94883263
2024,5418208519.5429945,5804120421.347457,70.70354092181351,82090944.04148526
